"comment_id","story_title","story_type","text","label","notes"
"48621188","Show HN: Pulse – Dashboard for Claude Code, approve tool calls from your phone","show","I’m not sure if you’re aware, but Claude Code’s built in remote control feature already lets you respond to permission prompts from the Claude app on your phone.","",""
"48621598","Show HN: Pulse – Dashboard for Claude Code, approve tool calls from your phone","show","Claude Code’s built-in remote control feature already does this and works reasonably well. https://code.claude.com/docs/en/remote-control","",""
"48621463","Show HN: Pulse – Dashboard for Claude Code, approve tool calls from your phone","show","I'll give this a try. CC already has a good /remote-control feature along with the mobile app. But it recently stopped sending me notifications on Android so it's not much use anymore.","",""
"48622215","Show HN: Pulse – Dashboard for Claude Code, approve tool calls from your phone","show","I like the look of it - my main problem with remote control feature in CC is the inability to start a new terminal session on my computer - can I do that from Pulse?","",""
"48621973","Show HN: Pulse – Dashboard for Claude Code, approve tool calls from your phone","show","Do people care these days, I mean I have mine similar tool also at softcane/cc-blackbox","",""
"48631132","Show HN: KeyGhost – Keyboard app launcher for macOS","show","This needs full keystroke access (accessibility + input monitoring). fine for karabiner which everyone's audited, but a brand new solo project? how are people thinking about that?","",""
"48629981","Show HN: KeyGhost – Keyboard app launcher for macOS","show","Quite cool, I had to run locally for it to work. Problem is I already use Raycast to set-up virtually the same thing, and use ""Caps as Control"" in the terminal commands (C-a, C-c...)","",""
"48570370","Show HN: Microcrad – Micrograd Reimplemented in C","show","Hey HN, I'm Orazio. I built microcrad (with a 'c'), a tiny scalar-valued automatic differentiation engine, with a small multi-layer perceptron implementation on top. It's reimplementation of Andrej Karpathy's micrograd in C. For me, this was a learning project to revisit backpropagation from first principles, with the additional difficulties that come with programming in C.
The basic idea is the same as micrograd: each number is a `Value` node in a computation graph, ops connect nodes, and the `backward` function topologically sorts the graph before applying the chain rule in reverse. The C-specific parts are memory management and two simple data structures I needed to implement backprop: sets and vectors.
The source code is about 1,350 lines, MIT licensed, and well documented. Dependencies are just the standard library and libm. In addition, the repo contains two examples to showcase how the engine works: a toy regression and an MNIST task.
What this is not: a framework to build and train neural networks in production. Being scalar-valued makes it slow, and it wasn't built for numerical robustness or large datasets. There's no commercial aim here; it's a learning project.
If you read through it, I'd like to hear thoughts, both on the ML engineering aspect and on anything that reads as un-idiomatic C.","",""
"48594902","Show HN: Talos – Open-source WASM interpreter for Lean","show","talos is already in use by https://github.com/siderolabs/talos, was confused for a second when I saw talos and wasm for a second, got excited about native wasm pod support.","",""
"48600417","Show HN: Talos – Open-source WASM interpreter for Lean","show","Looks very interesting! We have done a lot with WasmCert-Isabelle (and there's also WasmRef-Isabelle and their 2023 paper, and the earlier WasmCert-Coq); other than being in Lean instead of Isabelle/HOL or Coq, how would you compare the approach you used? E.g. are you able to do an ""in-place Store"" like WasmRef-Isabelle, and can you represent memories and tables as plain vectors of bytes/refs in memory, can you grow them in-place, etc.? Or any other optimizations/lessons learned?
I'm also curious -- are you just implementing the Wasm binary and text parsing, validation algorithm, and execution semantics in Lean from scratch by reading the English prose in the spec document, and then checking it against the spec tests and the SpecTec description? Or do you have some sort of automated (classical or LLMy) transformation happening? (One could imagine directly transforming the SpecTec, or the OCaml reference interpreter, into Lean... but it sounds like you're not doing that? I think one needs to be a little careful here because e.g. at this point some of the English prose and reference interpreter implementation, and I think maybe some of the tests, are autogenerated from the SpecTec.) Which parts (if any) are outside the scope of the formalization? E.g. for WasmCert-Isabelle, I believe the binary and definitely the text parsing, and I think some of the arithmetic ops, are not covered.
How are you modeling the explicit sources of nondeterminism in the Wasm execution semantics? E.g. NaN representation, {memory., table.}grow, host calls, stack exhaustion, relaxed SIMD instructions, etc., and that's all before we get to the threads proposal? Because if the goal is to prove programs correct, one risk is that I prove my program correct against your Wasm interpreter (which maybe makes certain choices that aren't determined by the spec), and then I run it against another fully-conforming interpreter in the wild and it behaves incorrectly.","",""
"48588358","Show HN: Talos – Open-source WASM interpreter for Lean","show","Interesting. Do I have to write specs in Lean against the Wasm semantics or can you annotate Rust directly?","",""
"48596844","Show HN: Talos – Open-source WASM interpreter for Lean","show","What is the program logic used here? The num_integer verification example seems to be hardcoding addresses in the spec; what if I want to reason about larger programs that dynamically allocate, where the addresses may not be known statically? How can I make sure these do not overlap? And since this is a shallow embedding into lean, what’s the approach for verifying properties of non-terminating programs?","",""
"48586316","Show HN: Talos – Open-source WASM interpreter for Lean","show","I’m on the Cajal team - not OP, but happy to answer questions.
The core bet is that Wasm is a good verification target (close to compiled artifacts, many languages target it), and Lean is the right place to do verification.
Super interested in hearing from people working with Lean, compilers or other Wasm verification frameworks (eg Iris-Wasm).","",""
"48601308","Show HN: Talos – Open-source WASM interpreter for Lean","show","Ha ha my brain read that as ""Lean interpretor in WASM"".
Actually i think it's the ""for"" in the title that's at fault. The repo title is quite clear, but the submission title is ambiguous to me.","",""
"48598008","Show HN: Talos – Open-source WASM interpreter for Lean","show","Interesting, have you also looked at other formal methods, like Abstract Interpretation?","",""
"48600268","Show HN: Talos – Open-source WASM interpreter for Lean","show","Only thing left is to make a Kanban out of it…","",""
"48597658","Show HN: Talos – Open-source WASM interpreter for Lean","show","Do people just not even search their proposed name anymore?","",""
"48627181","Show HN: StartupsBR – A map of Brazilian startups","show","Similar feeling to https://germantechjobs.de - just with a lesser focus on jobs. Don't quote me on it, but I think the founder of that website works as a talent agent (earning a living, I hope)","",""
"48624199","Show HN: StartupsBR – A map of Brazilian startups","show","This is very cool! I've wanted to do something like this for Sydney but never got around to it. Are you scraping your data sources or building them yourself?","",""
"48605255","Show HN: StartupsBR – A map of Brazilian startups","show","interesting, can you eli5 the main use case? is it job opportunities for developers?","",""
"48632748","Show HN: Monolisa v3 – a typeface for developers and creatives","show","Bought MonoLisa back in 2022, never even considered switching coding typeface since. Before that time I used to switch every 3-6 months.
It's really well balanced easy on the eye.","",""
"48636455","Show HN: Monolisa v3 – a typeface for developers and creatives","show","I adore MonoLisa, thank you for all the effort that's gone into making it and congratulations on the new release!","",""
"48631568","Show HN: Monolisa v3 – a typeface for developers and creatives","show","I love this font. I think it is probably the only coding font I have ever actually purchased.","",""
"48587857","Show HN: Gerrymandle - Daily puzzle game where you redraw electoral districts","show","I could see this being a great activity in a high school civics class. Very creative. One rule that tripped me up is:
> If two parties tie in a district, nobody wins it.
This isn't realistic as ties don't happen in practice in elections, and some party will end up representing it. But the spirit of the gerrymandering concept is conveyed well enough.","",""
"48589366","Show HN: Gerrymandle - Daily puzzle game where you redraw electoral districts","show","Some mathematicians worked out a way to fairly do districting, similar to having one kid cut the cake and the other kid gets first choice:
""A partisan districting protocol with provably nonpartisan outcomes""
by Wesley Pegden, Ariel D. Procaccia, Dingli Yu
https://arxiv.org/abs/1710.08781","",""
"48589040","Show HN: Gerrymandle - Daily puzzle game where you redraw electoral districts","show","I do believe the solution to gerrymandering in general is to move towards proportional representation so that the individual boundaries of a distinct are not as influential.
Maybe add that as an option to the game?
I sort of think that the increasing drive to gerrymander everything to the extreme may eventually show that First Past the Post voting is fundamentally broken and we have to replace it with proportional representation - or at least that is my hope.","",""
"48588822","Show HN: Gerrymandle - Daily puzzle game where you redraw electoral districts","show","Lovely game! Takes a bit of fiddling to get the hang of it, but so do most puzzles worth doing. The instructions are clear, the presentation is great and I like the decision to prioritise a fun game over representing real Gerrymandering accurately. It looks like a lot of thought has gone into this.","",""
"48592035","Show HN: Gerrymandle - Daily puzzle game where you redraw electoral districts","show","There has to be a better way of representing a population than our current system. There is just no way you can represent real, complex, demographics in a fair and proportional way -- there are an unlimited number of ways to categorize people, and by grouping them one way you will often exclude grouping them in other, and perhaps not less significant ways. What you end up with is a very skewed representation of a population that's only bounded to reality through our notions of which category they belong to.","",""
"48589246","Show HN: Gerrymandle - Daily puzzle game where you redraw electoral districts","show","The number of voting members has been strictly capped at 435 since the passage of the Permanent Apportionment Act of 1929.
In 1930, there was an average of 294k citizens per Rep.
In 2020, there was an average of 761k citizens per Rep.
At some points in U.S. history, the ratio was 30k:1.
I am not sure whether having very small districts would help or hurt gerrymandering, because it all depends on spatial constraints and spatial/density autocorrelation. I do think it would be good for the Republic if our representatives cam from a local community where you reasonably expect that might have gone to school with them, or have met them at the coffee shop before, and where they can run a campaign by personally knocking on doors, which can be done if the ratio was like 80k:1.","",""
"48587406","Show HN: Gerrymandle - Daily puzzle game where you redraw electoral districts","show","I love the idea .. how you changed an important issue into a game and probably that would bring awareness. I am not an expert but such decisions probably affect a lot of people and no one spend time and learn about it. This is a fun way to learn. Thank you !!","",""
"48587496","Show HN: Gerrymandle - Daily puzzle game where you redraw electoral districts","show","I think I did not understand this game well. May I suggest adding a few introductory levels of increasing difficulty for beginners.","",""
"48589545","Show HN: Gerrymandle - Daily puzzle game where you redraw electoral districts","show","Tesselation Games’ ‘Berrymandering’ tabletop game is also a fun way to depress yourself - and a fun way to introduce the idea of gerrymandering to friends and family who don’t ‘get’ it - and depress them too!
https://www.tessellationgames.com/","",""
"48622471","Show HN: Gerrymandle - Daily puzzle game where you redraw electoral districts","show","This game is not boring!
Better than most of the puzzle games in google play.","",""
"48592903","Show HN: Gerrymandle - Daily puzzle game where you redraw electoral districts","show","I LOVE that people are creating things like this. The best way to complain is to make things. More power to you!","",""
"48587668","Show HN: Gerrymandle - Daily puzzle game where you redraw electoral districts","show","This felt very satisfying to win! (Day 39) I'll try to remember to keep coming back.
I think what made me quite confused at the start is mis-reading the instructions that every district could have no more than four houses; I thought I had to split the land into equal areas. Once I understood that, the solution felt much easier.","",""
"48590830","Show HN: Gerrymandle - Daily puzzle game where you redraw electoral districts","show","I love the idea!
Took a while for my gf and I to get used to it, but it's so much fun now!","",""
"48594521","Show HN: Gerrymandle - Daily puzzle game where you redraw electoral districts","show","I got a flawless victory in a landslide with 0 hints but the result screen is a bit confusing. There are players that used hints that are to the ""right"" of where it shows me. Makes me feel like those people did better than me... But actually they did worse since they needed a hint or 4. Fun little game.
How do you curate the puzzle each day? Can you easily automate a bunch of puzzles then hand select them so back to back days aren't too similar? Or is it manual?","",""
"48595269","Show HN: Gerrymandle - Daily puzzle game where you redraw electoral districts","show","It's interesting to think about how difficult it is to define ""fair"" with the current system. If a state's population is 60/40 and there are ten districts, do you want them each to be representative at 60/40, and thus 10-0? Or do you want six districts one way and four the other way? In other words, there's a real tension between ""competitive districts"" and ""representative outcomes"".","",""
"48612002","Show HN: We post-trained a model that pen tests instead of refusing","show","> This won't be made available to anyone and everyone, but we do believe that responsible SMEs and midmarket companies also need access to these tools in order to identify key vulnerabilities in their systems; not just enterprises.
So this is the same policy that Anthropic and OpenAI have, it is just based on your criteria rather than theirs.","",""
"48612952","Show HN: We post-trained a model that pen tests instead of refusing","show","Relevant: https://news.ycombinator.com/item?id=48016224
what's the differnce between this vs running shannon on aws/bedrock fully airgapped in my vpc? I've got some pretty great results with shannon [no subprocessor and can pay via aws credits]. Even better using claude code token [effectively free with our $200/mo cc subscription]
I tried kimi but it generally spins it's wheels extensively in it's thinking tokens. kimi2.7 is an attempt at reducing this. But doing finetuning, means you will always be behind the latest.
as a side note - I think it's very unprofessional and very shitty to not mention kimi2.6 at all in your marketing copy. and i feel that you posted that in this hn post begrudgingly since the hn crowd would have flagged that.
confirmed with a google search too: https://www.google.com/search?q=kimi+site%3Aargusred.com
All around your marketing website you keep mentioning - 'A model lab built it'. A fintune does not maketh you a model lab  - some humility please :)
finally - doesn't Kimi's licensing prohibit you from not mentioning them? Didn't cursor run into the same issue?","",""
"48613016","Show HN: We post-trained a model that pen tests instead of refusing","show","IMO the most interesting thing about this is Kimi K2.6, an extremely capable model, can be relatively easily post-trained to allow pen tests.
This in its own right proves that the defenses of Fable and others are temporary blocks, and AI based hacking is going to be effectively available to all parties regardless of stop gaps, as long as open models exist.","",""
"48612323","Show HN: We post-trained a model that pen tests instead of refusing","show","Show HN: We told Claude to generate a marketing page for a theoretical pentesting model","",""
"48611984","Show HN: We post-trained a model that pen tests instead of refusing","show","Fantastic. Could you share more details what it was like post-training a model?","",""
"48625672","Show HN: We post-trained a model that pen tests instead of refusing","show",">This won't be made available to anyone and everyone
>no benchmarks on standard Cyber benchs
ok","",""
"48613145","Show HN: We post-trained a model that pen tests instead of refusing","show","Any generic abliterated or ubcensored open weight model (such as a qwen variant) will happily comply with requests like this.","",""
"48612287","Show HN: We post-trained a model that pen tests instead of refusing","show","What was your approach to benchmarking an adversarial agent?
This is an open problem that I came across (in a different domain), as the search space can be really wide. It's hard to measure results for non-trivial tasks.
Would be really interested if you can share your eval approach :)","",""
"48612043","Show HN: We post-trained a model that pen tests instead of refusing","show","Why create an offensive tool rather than a repo-scanning tool?
I can't think of any way to safely release an offensive tool publicly.","",""
"48614007","Show HN: My Windows XP portfolio with working Game Boy and iPod","show","Nice job. I saw a portfolio designed as a Mac OS 9 interface a while back, but I think one of the best ones I’ve ever seen was one that modeled a sort of 3D, “UNIX‑esque” operating system [1].
A small bit of feedback: the progress bar during boot is a little too smooth. If you want to be accurate, it should technically move in ticks, where each tick corresponds to one of the segments.
[1] - https://joeyderuiter.me","",""
"48613542","Show HN: My Windows XP portfolio with working Game Boy and iPod","show","This is so sick. Laughed hard when the iPod wheel worked as expected with my mouse and I was able to get Bomfunk MC's playing. Great stuff!","",""
"48612634","Show HN: My Windows XP portfolio with working Game Boy and iPod","show","I mean... I like it. I remember your post from last time where, apparently, I got the top comment.
It looks like you've dealt with the UX issues I ran into previously (e.g., back/forward behaviour), but I did almost immediately spot a different oddity in your portfolio...
When you click on ""My Projects"" and then use the left nav to switch between ""All"", ""Image"", ""Web"", etc., it highlights the relevant projects rather than filtering out the irrelevant projects... which does feel a bit weird. I guess I understand it give you only have four projects in there but that's perhaps the other issue: I'd really like to see more projects than you're showing off here.
But, I mean, I still like it - I really like it. It's a lot more characterful than the vast majority of other portfolios I've seen and the attention to detail is very strong overall.
Again, something I said last time that I'll repeat here: if you were applying for a design or UX role with this I'd certainly interview you. I'd have to be unhinged not to.
(And, FWIW, I thought I gave you fairly balanced feedback, but clearly managed to piss a few people off so maybe, again, we'll both be in for another roasting - or at least a rather mixed bag of comments. Regardless, I wish you the absolute best.)","",""
"48612259","Show HN: My Windows XP portfolio with working Game Boy and iPod","show","You've nailed the feel. Ignore the nay sayers!","",""
"48614287","Show HN: My Windows XP portfolio with working Game Boy and iPod","show","This is amazing, really takes me back. I love the interaction on the website and how you can move around the windows.","",""
"48619614","Show HN: My Windows XP portfolio with working Game Boy and iPod","show","Immediately the wallpaper looks AI generated, and for me that immediately removes any trust in ""graphic design"" and ""attention to detail. But the rest is cool","",""
"48615345","Show HN: My Windows XP portfolio with working Game Boy and iPod","show","I just took a look and it's really great, it feels like going back in time.","",""
"48612741","Show HN: My Windows XP portfolio with working Game Boy and iPod","show","I love it. But I'm missing the Game Boy cheat code to unlock the goodies...","",""
"48614375","Show HN: My Windows XP portfolio with working Game Boy and iPod","show","A little dodgy that the game boy is only available on desktop?
Pretty cool though.","",""
"48615399","Show HN: My Windows XP portfolio with working Game Boy and iPod","show","I really enjoyed this, thanks for taking me back in time!","",""
"48613021","Show HN: My Windows XP portfolio with working Game Boy and iPod","show","Not to criticize your work too harshly, but you specifically call out that this showcases attention to detail, and it's actually very inaccurate to the actual Windows XP, for anyone who's ever used it before. The UI elements are all haphazardly sized relative to each other, there are alpha-fade ins/outs, the loading bar in the boot screen animates smoothly when the real thing popped along block-by-block, fonts are antialiased when they shouldn't be, hover-over dropdown menus appear/disappear instantly when moused over, the fake scanlines are just a pixel grid overlay, the selection box on the desktop is filled but should be a dotted outline... these are just the few I saw and I haven't used XP in years.","",""
"48612206","Show HN: My Windows XP portfolio with working Game Boy and iPod","show","Awesome. Props for the iPod clickwheel. I miss my Classic!","",""
"48612370","Show HN: My Windows XP portfolio with working Game Boy and iPod","show","That Windows XP loading bar brings me back. Great job.","",""
"48612209","Show HN: My Windows XP portfolio with working Game Boy and iPod","show","So friggin’ cool. I think it’s really fun and when you can instantly entice people to click around and explore then you have already succeeded.","",""
"48630778","Show HN: Brain Frog – Can you be random enough for 11 lines of JavaScript?","show","Why does a silly little online game need my email to send a one-time login code? What a strange experience","",""
"48606260","Show HN: Brain Frog – Can you be random enough for 11 lines of JavaScript?","show","Free?!. Is there a ""call us"" SSO enabled plan?","",""
"48629724","Show HN: Brain Frog – Can you be random enough for 11 lines of JavaScript?","show","Just wanted to give the little guy a hug","",""
"48598075","Show HN: Brain Frog – Can you be random enough for 11 lines of JavaScript?","show","That was fun, got up to 79 :)","",""
"48606118","Show HN: Brain Frog – Can you be random enough for 11 lines of JavaScript?","show","46 and that was my ceiling. frogs smarter than me.","",""
"48624284","Show HN: Brain Frog – Can you be random enough for 11 lines of JavaScript?","show","Woah, neat. Is this like, a Markov chain?","",""
"48624961","Show HN: Brain Frog – Can you be random enough for 11 lines of JavaScript?","show","How many pixels wide is the hit zone?","",""
"48635792","Show HN: Catch abnormal usage of your API keys on Google Cloud","show","Lazy question,  does this solution itself cost anything?","",""
"48628718","Show HN: Duckle a drag-and-drop visual pipeline designer","show","Wow, can’t understand why this isn’t getting more attention.","",""
"48624748","Show HN: Souso – plan your week, fill your AH/Jumbo basket (MEGATHON Amsterdam)","show","I wanna suggest it to my mom. 
she'll definitely love it!","",""
"48622157","Show HN: DebugBrief – turn debugging sessions into reports, no AI","show","I kept losing track of what I'd already tried while debugging, so I built DebugBrief.
It wraps the commands I already use, like pytest, jest, cargo test, and go test, records what failed and what eventually passed, and turns that into a Markdown report. The report includes a summary and the red-to-green window, but it only uses recorded commands, exit codes, and Git changes. It doesn't use AI or guess the root cause.
DebugBrief itself makes no network requests and has no telemetry. It uses the standard library on Python 3.11+, tomli on 3.9 and 3.10, and native Git when available.
pipx install debugbrief
It's currently tested on Linux and macOS with Python 3.9 through 3.14. I'd be interested to know whether this workflow is useful to anyone else.","",""
"48593005","Show HN: Are You in the Weights?","show","1. No way in heaven or earth I'm using my real name with this.
2. Alfred E. Neuman < https://www.intheweights.com/p/alfred-e~2e~-neuman > is either ""Mad magazine mascot"" (11 responses), or ""German-American writer, novelist, and playwright"" (1 response, from Llama 3.2 1B, classed as a hallucination). Maybe the odd one out means the German writer Alfred Neumann? < https://en.wikipedia.org/wiki/Alfred_Neumann_(writer) >
3. Tamamo-no-Mae < https://www.intheweights.com/p/tamamo~2d~no~2d~mae > is either a ""Caster-class Servant in Type-Moon's Fate franchise, based on the mythological fox spirit"" (3 responses), or the ""Legendary nine-tailed fox spirit"" (12 responses, the vast majority, but all classed as hallucinations)!
4. Thank goodness for Firefox's ""mute tab"" toggle; the thumping and keyclick sounds get real old, real fast.","",""
"48592274","Show HN: Are You in the Weights?","show","6 Football (soccer) players  share my name and I still am at the top. Type ""SEO"" and I'll DM you my one little weird trick. /jk
Fun story about my name [0], the bank couldn't mail me my debit card because the mailman kept crossing my address off the envelop.
[0]: https://idiallo.com/blog/sharing-a-name","",""
"48595391","Show HN: Are You in the Weights?","show","Yeah, that went about as well as I would have expected.
It dug up a bunch of what can only be my information, then made up a bunch of confidently wrong things to say about me.
I'm a Software Engineer and SaaS guy, known for running the company ""[random word from my blog] Software"" and his [different word from my blog] Blog.  Founder of three separate startups I've never heard of and may not exist, and well known contributor to Open Source (because that's something that software people often do, so it makes for pretty words to put into a paragraph, despite me not contributing to open source).
Overall, it's like watching a really bad sight reader doing his act.  It suggests something that's likely true about you given your background, then keeps tweaking those suggestions until you go ""yeah, that's it! you nailed me!"".
Sadly, this is pretty par for the course watching AI try to do stuff.","",""
"48592379","Show HN: Are You in the Weights?","show","Ha ha! Yes I am in the weights apparently. Nearly all the models know what I do.
I suspect being in the Open Source world is a bit of a bubble as far as the weights are concerned.
Anyway it stroked my ego nicely even though it was totally artificial, like Zaphod Beeblebrox surviving the Total Perspective Vortex.","",""
"48591876","Show HN: Are You in the Weights?","show","I’m a hallucination. None of these are me.
Perhaps the closest is DeepSeek v4:
> Hyperpape is a user on the LessWrong forum, known for thoughtful comments on rationality and philosophy.
I studied philosophy, so maybe, except I don't post on LessWrong, and I'm not a rationalist.
https://www.intheweights.com/p/hyperpape","",""
"48594944","Show HN: Are You in the Weights?","show","740, top 5%.  Awesome.
https://www.intheweights.com/p/jeremy-edberg-reddit-netflix
Interestingly, almost all of them got it right (although one seems to think I was a VP at Datadog, and I've seen that error before in some LLMs).  But Haiku just says ""no one of that name seems to exist"".  So Haiku must be pretty pruned down.","",""
"48597466","Show HN: Are You in the Weights?","show","The.. false positives are extremely scary (not listed as hallucinations)
A terrorist on the US saction list.. the first female airplane suicide bomber?? I was in the US a year ago and I did not bomb any planes
I think with Arabic names it's highly biased, which is kind of scary, I don't want to be bombed based on an LLM query","",""
"48593569","Show HN: Are You in the Weights?","show","I was thinking something like this two weeks ago in another thread[1]
>my Reddit history is part of every training set. It was taken without my consent. So now I'm immortal in a way, and hiding in the weights
Anyway 654 isn't horrible for the history still tied to me. That's in the top 6%[2].  It's interesting that it's non-deterministic, and the more keywords you add about yourself, the higher your score goes.
[1] https://news.ycombinator.com/item?id=48403669
[2] https://www.intheweights.com/p/michael-mike-warot-ka9dgx-mrg...","",""
"48592029","Show HN: Are You in the Weights?","show","This is a clever trick to get you to enter your real name. ;-) I entered mine, I was on the page kind of, there was some kind of exaggeration of me as the last one. I was surprised someone else in my family who is a kind of actual famous person was not found. It seems to have a lot of recency bias based on that.","",""
"48636800","Show HN: Are You in the Weights?","show","Got me completely wrong. Which is weird as I have tried myself on ChatGPT before and it seemed to get it right. We have all done it, right?","",""
"48594961","Show HN: Are You in the Weights?","show","Apparently according to Gemini, I, the only person in the world with my name (unique first name + long complex last name) am a professional soccer player.
Yeah, be careful with answers you get from AIs.","",""
"48592667","Show HN: Are You in the Weights?","show","Apparently I'm an American volcanologist. Pretty cool.
(I nuke my online accounts regularly to not be tracked - started because I had a stalker but now it's just for the best. I know that this goes against hn rules but yeah it's a bad rule)","",""
"48592942","Show HN: Are You in the Weights?","show","I have an unusual name, and have published a book with some minor fame (which is the first google result for my name).  Querying ChatGPT, Claude, Grok, etc. gives a reasonably accurate summary of my public info.
OTOH, this tool describes me as a ""security researcher known for talks and writing on JavaScript, Node.js, and web security.""
I am not a security researcher and have never given any such talk and know precious little about Node.js or web security.","",""
"48594712","Show HN: Are You in the Weights?","show","Hah. My chosen name collision with my online handle makes the models consistent. They all are certain that I am an adhesives manufacturer. (Good!)
On the other hand, the tool did make an assessment of sorts: NO STABLE PERSON FOUND.","",""
"48592733","Show HN: Are You in the Weights?","show","What exactly is the ""N strength · Top N%"" referring to? My name is most likely 100% unique in the world, seems I'm in about 50% of the weights, but I'm really not sure I understand what those yellow numbers mean.
A completely made up name got ""110 strength · Top 60%"" and ""hits"" in GPT-5.5 and ""Gemini 3.1 Lite"", not sure what to make of that either.","",""
"48611470","Show HN: Ember, a native iOS Hacker News reader I built around accessibility","show","I love to see an open source implementation.
I’ve been using [Octal](https://apps.apple.com/us/app/octal-for-hacker-news/id130888...)  for a while now but it’s not open source.
Would you be opposed to a pull request adding login/posting support? I think the way it works in Octal is webview for login, snatching the cookies out of the webview, then using the same posting endpoints as the website with the cookie.","",""
"48613092","Show HN: Ember, a native iOS Hacker News reader I built around accessibility","show","Looks great!
It seems you’re nervous about getting permission to show what you made to the world from Apple.
May I suggest you encourage people who want to use the app to get their own subscription and build and install it themselves, or consider AltStore/SideStore. Or go via TestFlight with your own monetization built in.
No one should need permission to ship from a trillion dollar company.","",""
"48611281","Show HN: Ember, a native iOS Hacker News reader I built around accessibility","show","Looks great, do you plan on publishing to the AppStore?","",""
"48611113","Show HN: Ember, a native iOS Hacker News reader I built around accessibility","show","Well done. As a colour blind person (and iOS developer) I am thrilled anytime an app doesn’t rely on colour cues alone. I’ve used Hack and Octal but I am going to give your app a try.","",""
"48623287","Show HN: Ember, a native iOS Hacker News reader I built around accessibility","show","@sylwester is the repo run by a bot? or is it you? I'm OK with either, it's just issues are being marked as ""help wanted"" even though they are done in PRs waiting to be merged. It seems the replies in the threads ignore all user comments? What's going on?
And I've completed your big ""login"" feature request, it is done, just waiting for the PRs to be merged so I can make a nice clean rebase and tidy PR for you to review. But if small PRs aren't being merged I'm reluctant to file a larger one.","",""
"48611811","Show HN: Ember, a native iOS Hacker News reader I built around accessibility","show","HN is quite nice inside a desktop browser, but mobile browsers are a different story altogether. But even there, it fares slightly better than old.reddit.com. So looks like I should dust off that xcode.","",""
"48620477","Show HN: Ember, a native iOS Hacker News reader I built around accessibility","show","I'm posting this from a test feature I'm working on for your app: HN login, comments, replies, edit, etc.
I've also filed some smaller PRs.","",""
"48611932","Show HN: Ember, a native iOS Hacker News reader I built around accessibility","show","I've been using Octal on iOS and https://github.com/IronsideXXVI/Hacker-News on Mac that was showcased here 4 months ago.
Got to give you kudos for the Accessibility enablement though - while some  of it is baked-in support, it’s worth appreciating your work in whittling down whatever else can be supported.
Here is a comparison for the two on Mac, if you're interested. https://gq6o9uxicyzuw8es6qxe78bnml9wc3re.pastehtml.dev/#core","",""
"48612962","Show HN: Ember, a native iOS Hacker News reader I built around accessibility","show","One thing that would be useful in the readme is instructions on how to install the built app on a phone, for those of us who don’t do iOS development.","",""
"48611196","Show HN: Ember, a native iOS Hacker News reader I built around accessibility","show","Looks great. Does it support pinch zoom like webpage hn does","",""
"48612552","Show HN: Ember, a native iOS Hacker News reader I built around accessibility","show","Could not find the appstore link, is it published there?","",""
"48614911","Show HN: Ember, a native iOS Hacker News reader I built around accessibility","show","The information comes from HN; would there be a risk of copyright infringement if the product were listed on the App Store?","",""
"48611468","Show HN: Ember, a native iOS Hacker News reader I built around accessibility","show","Any chance of HN getting angry about this, à la Reddit?","",""
"48618523","Show HN: Ember, a native iOS Hacker News reader I built around accessibility","show","Just starred it on github ;)
Looks very good !","",""
"48613230","Show HN: Ember, a native iOS Hacker News reader I built around accessibility","show","i've been using hackfeed, it does the job.
make this available on testflight, this looks great, would love to daily drive it.
+1 for the accessibility features, great job!","",""
"48574817","Show HN: An 8-bit live gamecast for baseball","show","Always love to see new baseball visualizations. Not necessarily a big fan of AI art, but it's cool how dynamic it is. Some constructive criticism: I think using a real pixel font and maybe writing a deterministic downsampling algo for the images instead of relying on AI would go a long way to make this look better.
Not to hijack your thread but in case anyone's interested in a physical scoreboard built on top of the same APIs using Raspberry Pis, I have a project as well. We also support software emulation if you don't want to buy parts.
https://github.com/MLB-LED-Scoreboard/mlb-led-scoreboard
You can see it in action here:
https://mlb-led-scoreboard.dev/","",""
"48575446","Show HN: An 8-bit live gamecast for baseball","show","I love this! If I were to suggest any improvements:
- Have a play-by-play view so users can see plays they missed
- Make the ""between innings"" tabs clickable rather than forcing users to wait for the cycle (cycle by default, pin if user clicked a tab)
- show glove on right hand for outfielders that throw LH
- maybe show baserunners taking leads rather than keeping a foot on the base","",""
"48574726","Show HN: An 8-bit live gamecast for baseball","show","Best of luck with this.  About twenty years ago there was a website that displayed play-by-play of games in progress with a much more minimal display than yours: just a scoreboard, balls and strikes count, and an indication of who was on base.
MLB crushed them with a copyright infringement lawsuit, claiming copyright over the plain factual description of the play-by-play.  It was bullshit, of course, since simple factual descriptions aren't protected by copyright.  But website guy couldn't fight MLB in federal court.
Sorry I don't remember the name of the site.  I hope it turns out better for you than it did for them.","",""
"48429126","Show HN: An 8-bit live gamecast for baseball","show","I'm not a sports person and other then going to a superbowl party really don't watch anything but this is really cool. I even put a game on the tv and was comparing it to the site. Very well done :) If there was some way to have live audio streaming in to hear what was going on while the screen animated it that'd make this perfect but I imagine that isn't really a thing that can be done.
Either way though, great job on this!","",""
"48574033","Show HN: An 8-bit live gamecast for baseball","show","I don’t watch baseball (maybe a couple games a year), but I think it could use some sound / audio, so you can have it running while doing something else.
IDK if there’s an easy way for the average person to get a live audio broadcast feed from games, so maybe your target market would be listening to that instead.
I’m thinking it could use some sound effects, for balls, strikes, hits, etc. I only tuned in for a couple pitches and then it was between innings, so maybe the more significant events already have something, and I just wasn’t patient enough to experience them.
I was looking away when the last out of the inning happened (or maybe changing views?). Is there a display of what caused the out, and maybe an animation of the fielders coming into the dugout, or does it flash up the “between innings” screen pretty quickly?
It might be nice to have a significant event summary available somewhere. It feels hard to believe that this would catch someone’s attention well enough that they’re watching the whole thing, and without audio cues / replays, I know I wouldn’t be interested in watching it for any length of time.","",""
"48573857","Show HN: An 8-bit live gamecast for baseball","show","Amazing project! I'd love to see something like this for the football world cup. Maybe a FIFA 97 style?
I wonder if some kind of filter would work or we would need some data source. Looks much harder given the fast-paced nature of the game.","",""
"48573061","Show HN: An 8-bit live gamecast for baseball","show","This is really cool! Would love a technical breakdown on how you put this together.","",""
"48575625","Show HN: An 8-bit live gamecast for baseball","show","Super cool!  Makes me nostalgic for my Earl Weaver Baseball fix.
The pace of events will always be a challenge with baseball (delays between pitches, missing when they do happen).
Some other mode like the Youtube TV: Catch up with Highlights, would be fantastic.   Quickly replay the big events (runs scored, bases loaded strikeout to end inning.  Maybe every hit and third out).   It becomes a rapid-fire view.    Or, similar thought, a rapid replay mode -- start from the beginning, replay each change with minimal delays between them.","",""
"48430285","Show HN: An 8-bit live gamecast for baseball","show","Love the look of this! Enjoyed watching a bit, will definitely have it on later.
One comment is, during “in between innings” when it was showing around the league and other stats, the text was really small on my phone. If possible I’d rather have it scrolling or switching between pages of data than trying to fit it on one screen. I get that on a tv or pc it’s probably the right size, so not sure if you’d want to spend the effort to have a separate view for small screens.","",""
"48574269","Show HN: An 8-bit live gamecast for baseball","show","This is so cool, I love these little scoreboard projects. The artwork is also such high quality.
I am a big fan of the ESPN CDN data api and have made a few ""scoreboards"" of my own. Recently I polished a simple html one at: https://mlb.ope.cool/
But I will most definitely be reaching for yours and tossing it up on the TV's in the office, this is so cool","",""
"48573393","Show HN: An 8-bit live gamecast for baseball","show","fun idea and gj execution, but the art looks like bad ai pixel art, at least on my screen. gives it that uncanny youtube music stream look.","",""
"48574118","Show HN: An 8-bit live gamecast for baseball","show","Amazing, and I love every pixel of it. We know the MLB is famously understanding with creative repurposing of their data, so I wonder what live data you are using and if the rationale for use is something like small scale hobby/fair use?
I know when it comes to historical data, projects like the Sean Lahman Database have to go through quite a bit of trouble to reproduce ""clean room"" versions of historical data that are legally fine to use. I have to imagine there's a lot of complications when it comes to live data for anything that even has a hint of being more than a hobby project.","",""
"48573730","Show HN: An 8-bit live gamecast for baseball","show","This is brilliant. Can you make a sub-game, Streets of Rage II beat em up that you can play when the benches clear in a real game? Perhaps have Mortal Kombat finishing moves when the managers are fighting the umpires?","",""
"48613428","Show HN: Tiny – An interpeted dynamic langauge with inline Go native functions","show","What a great accomplishment! How did you manage to complete a JIT language in 2 months!?","",""
"48615867","Show HN: Tiny – An interpeted dynamic langauge with inline Go native functions","show","What is the motivation and use case in coding agents era for this project?
Dont get me wrong, this question echoes in my head for some time now. Especially with supply chain attacks and open source libraries being entirely written by AI, whats my motivation to use open source libs? Previously it was time-saving, now this incentive vanish since its not me spending more time (but agent)","",""
"48625817","Show HN: Tiny – An interpeted dynamic langauge with inline Go native functions","show","This is an interesting project. I'll give it a try. Are you using it in any production projects?","",""
"48620585","Show HN: Tiny – An interpeted dynamic langauge with inline Go native functions","show","Beware the creator of this language doesn't want your contributions. He'll just take some of the code you wrote and pass it off as his own so no one else gets their name on the project.","",""
"48615969","Show HN: Tiny – An interpeted dynamic langauge with inline Go native functions","show","The author should call out size of binaries (compiled and generated), the interpreter as well since that's teh selling point. if it's tiny from memory requiremetns , shoudl also call out the same, potentially benchmarking against similar (luajit?).","",""
"48612425","Show HN: Tiny – An interpeted dynamic langauge with inline Go native functions","show","What's the use-case here? Where and why would one use Tiny instead of just using Go (or something else like Python)?","",""
"48613266","Show HN: Tiny – An interpeted dynamic langauge with inline Go native functions","show","this is interesting, i'm wondering if it can beat just installing go though.
I think it'd be interesting to build a adhoc config mgmt system w/ this and use it as a high level scripting language.","",""
"48624406","Show HN: Chess-Inspired Roguelike","show","I think I found a mini bug. Say I do a score of 10. Then I change board. Then I die with score < 10. I still have 10 for that board. It makes it easy to cheat the leaderboard :) Fun game!","",""
"48623766","Show HN: Chess-Inspired Roguelike","show","This is cool!
One suggestion: some way to tell what the enemy pieces are? Maybe a legend to the right of the board? I ended up discovering by trial and error.","",""
"48569152","Show HN: High-Res Neural Cellular Automata","show","The automata just completely destroys the image if I draw too much over the stabilized image with the brush. 5 horizontal swipes are enough to destroy the kitty, is that to be expected?
EDIT: video here: https://imgur.com/a/ItZGd5X","",""
"48570294","Show HN: High-Res Neural Cellular Automata","show","At a glance it looks like it could be just iterative texture sampling.
The difference is when creating each pixel, there’s no coordinate to look up, instead it’s using only a set of rules like Conway’s game of life.
But the rules come from a neural network trained on the image, so… it’s kind of memorizing enough information to effectively do the same thing as texture sampling, but using only local information.
I’m sure I’m missing something about how it works or what makes it interesting…","",""
"48571151","Show HN: High-Res Neural Cellular Automata","show","I've always loved the original work and it's nice to see they're still working on it. I've always wondered if there was a way to connect this back to infrastructure rather than images. Something you could run on a cluster and if portions of it failed it would regenerate the system.
Like a bio inspired Kubernettes.....Bionettes.","",""
"48600357","Show HN: High-Res Neural Cellular Automata","show","That's really impressive i've been thinking that we have using technologies cause they were a breakthrough but we actual resources we can implement technollogy that was relegated time ago, like when implementing 3d there were many other until the one who was more consistent is how we visualize 3d today. Cause this looks pretty simillar to metaballs. An idea that is not longer that hard pursued but i just saw the similarity.","",""
"48571344","Show HN: High-Res Neural Cellular Automata","show","I found your previous work here: https://distill.pub/2020/growing-ca/ For someone (like me) who wants to understand the basics its probably better. It's very well written.","",""
"48568736","Show HN: High-Res Neural Cellular Automata","show","The abstract implies that strictly local updates are a hinderance to high res, however i would have thought there would be an interesting way to get speed up gains from neighbor-only traffic on GPUs CAM-style. am i making that up?","",""
"48571573","Show HN: High-Res Neural Cellular Automata","show","@esychology this is phenomenal work, thank you so much for sharing it. I am working in a similar thing and might reach out about it soon.
Also, what's going on? Why would the community flag and kill this comment[1], from the creator itself. If you're jealous of what the guy built, take it elsewhere. HN will implode with that attitude.
1: https://news.ycombinator.com/item?id=48571171","",""
"48585807","Show HN: High-Res Neural Cellular Automata","show","incredible work! I love seeing progress in this field. I've recently built a WebGPU implementation of the original growing neural CAs:  
https://github.com/IvanLudvig/neural-ca-webgpu","",""
"48568804","Show HN: High-Res Neural Cellular Automata","show","Really interesting demo, nicely done :) Would be fun if switching the ""Target Image"" when using the second brush mode in the Growing Demo didn't erase/reset the existing canvas, so we could ""stamp"" new things on top of other images. Small thing perhaps but I got sad when it disappeared when I wanted to merge a kitten on top of the chameleon but couldn't :(","",""
"48569582","Show HN: High-Res Neural Cellular Automata","show","For the unfamiliar, could someone explain what I'm looking at? The abstract was a little too concrete (heh) for me to follow.","",""
"48568632","Show HN: High-Res Neural Cellular Automata","show","You can make the centipede grow longer, which makes sense given how this works. Or grow a 2nd centipede for extra points.","",""
"48576822","Show HN: High-Res Neural Cellular Automata","show","Fascinating. A glimpse into the mathematics of life and living tissue. A toy example like this might herald self-healing machines, in the same way that the first perceptrons heralded Fable and nude deepfakes.","",""
"48568627","Show HN: High-Res Neural Cellular Automata","show","Why are the images always generated in the same orientation (upright)? Do the cells have awareness of what is ""up""?","",""
"48589743","Show HN: High-Res Neural Cellular Automata","show","Managed to get a stable loop with the worm!","",""
"48569155","Show HN: High-Res Neural Cellular Automata","show","So the goal is to evaporate it with minimum number of shots?","",""
"48619154","Show HN: TLA+ Process Studio","show","I think this is an excellent start!
I have a few questions/comments.
- the site said it would be worked on collaboratively, but I couldn't find a way to do that?  I interpreted that to mean multiple people woroking on it together
- I would find this more valuable if it was less text editor and more interactive editor. If the goal is group consesus, expanding the tool so more people in the group could modify it would be good
- What is the reason for having default names like ""SprintReady"" instead of ""Sprint ready"" ?
- Zoom to all and zoom to selected wold be super useful in the flowchart view
- being able to rename/edit things in teh flowchart view would be great
- Having an AI embedded in the tool itself so you did't have to manually round trip and copy/paste with claude code would be super useful
- It might be worth trying moving the comments panel to the right hand side of the screen. Very similar to  google docs, word and other document tools. Makes the visual chart front-and-center and makes the comments separate from the simulate step","",""
"48601312","Show HN: Pagecast – Publish Markdown/HTML Reports to Cloudflare Pages","show","This is nice, but I don't see much of a difference between just asking claude to write a wrangler config to push to cf pages, which can be extremely simple
  name: my-cool-pages-project   
  pages_build_output_dir: ./html-files/

then npx wrangler deploy","",""
"48607909","Show HN: Pagecast – Publish Markdown/HTML Reports to Cloudflare Pages","show","Maybe tell your agent that your readme doesn't need to be that long so humans can read it and understand it. The Github readme is ludicrously long winded.
What's the point of this vs telling the agent to just use the cloudflare CLI?
""Local tool for publishing agent reports and small static sites"" - Aren't agent reports small static sites? Why do you need to mention both?
Your Good Fits vs Bad Fits section is just a good fits vs bad fits for cloudflare pages, not your specific application.
Creating a chrome extension to add the publish button on the page is quite possibly the single biggest piece of evidence I've ever seen that code is now cheap.
Readme needs screenshots.
-----
Edit: I've been emotionally triggered by this project because the overall feel of it reminds me of all the junior developers at work who've started vibe coding everything and presenting it with confidence that even the most senior developers lack.","",""
"48601267","Show HN: Pagecast – Publish Markdown/HTML Reports to Cloudflare Pages","show","Is there by chance a way to password protect the generated site?","",""
"48618048","Show HN: Agentic coding workflows built on Git worktrees and task evidence","show","a lot of words and no idea of the practical benefit.
Awesome in the biblical sense.","",""
"48615579","Show HN: Domphy – plain-object UI for tool apps, AI-correctable output","show","Sorry, I forgot to add the repo link: https://github.com/domphy/domphy","",""
"48621960","SHOW HN: I built a social profile for vibecoders to share & store their projects","show","Most stuff people build disappears. You ship it, post one tweet or a Show HN that dies in an hour, and there's no running record of what you've actually made. And with AI tools, we can build so many projects and ship it instantly.
So I built Kritive. It's a profile where you post what you're building and keep updating it as you ship. A living record of your work that you can point people to. Drop a project, add devlogs as it grows, and the profile becomes the thing instead of a resume.","",""
"48614032","Show HN: Onsight: pay a local to photograph any spot in San Francisco, on demand","show","This is an interesting idea. My concern is what about the people whose submissions don’t get picked? They wasted time for nothing. Is there a limit to how many people can sign up for a job?
Also, you’d need mechanisms in place to stop people from downloading the pictures and paying no-one.","",""
"48619326","Show HN: Onsight: pay a local to photograph any spot in San Francisco, on demand","show","It looks quite awesome as an idea, but might need moderation in addition to photography","",""
"48613736","Show HN: Onsight: pay a local to photograph any spot in San Francisco, on demand","show","this is an unexpected twist to photographic assignments. I'm wondering why is it limited to SF only? I mean, there shouldn't be a limitation from a technical point of view. Do you plan to extend it?","",""
"48621980","Show HN: CommitGate – Automatically scan your commit for vulnerabilities","show","Full disclosure, Ahmad, CEO at Corgea.
Interesting approach, catching vulns at commit time before CI runs saves cycles. The challenge is always false positive rate at that stage and the AI inference time. How fast is the review? I saw the demo video and it seems you cut to the results.","",""
"48623701","Show HN: CommitGate – Automatically scan your commit for vulnerabilities","show","Personally, I disable pre-commit hooks because they’re annoying and slow me down. Pre-push hook would make more sense. Secondly, i’d ideally want to use my codex/ claude subs for this, not an api key","",""
"48619909","Show HN: CommitGate – Automatically scan your commit for vulnerabilities","show","Vu1nz does something similar but at the PR level","",""
"48619458","Show HN: lpviz – Interactive linear programming visualization in the browser","show","Super insightful work! Cannot wait to see where this goes.","",""
"48597591","Show HN: Crawlie – Free open-source SEO audit tool for humans and agents","show","Nice, thanks!
edit: in the docs, the command to install the npm package seems to be wrong (crawlie doesn't exist), it should be: npm i -g @spronta/crawlie","",""
"48595649","Show HN: Crawlie – Free open-source SEO audit tool for humans and agents","show","That's nice! I like that it also checks for the llms.txt. It seems to me that no SEO agency is aware of this simple but powerful file.","",""
"48618774","Show HN: I made a social accountability app to make me ship","show","Hey HN.
For the past year, I have been building around ten side projects and never shipping any of them. I would try all different kinds of tools: notion boards, to-do apps, goal trackers, but they all had the same result. Planning instead of shipping.
So that is why I built ShipStreak, a tool that uses a streak (and your friends) to make sure you actually ship.
- Log one thing a day or your streak resets to zero (with freezes and vacation mode so one bad day doesn't wipe out months of hard work)
- Race a global leaderboard or a private group with a shared invite link
- Auto check-in from your GitHub commits (cuz I'm lazy and forget to log)
- A GitHub-style activity grid so you can see the whole chain
Would love any feedback :)
- Callum","",""
"48600944","Show HN: Music from every single country on Earth, generated in Esperanto","show","AI has reached criticality. Hide under the bed.","",""
"48604266","Show HN: Music from every single country on Earth, generated in Esperanto","show","Oh wow, some of these are better than my Spotify recommendations...","",""
"48612266","Show HN: An ASCII 3D Rendering Engine","show","This is actually pretty awesome. I enjoyed going through all the models.
I'm also not sure why I love ASCII art so much. Maybe it's because it's such an abstract way to represent something, yet our brains make perfect sense of everything.
The shading is where it all comes to life.
What is the file size of one single model on average?","",""
"48614322","Show HN: An ASCII 3D Rendering Engine","show","I have been looking for a tool like this for so long. Very cool I will def be using for my website","",""
"48613529","Show HN: An ASCII 3D Rendering Engine","show","This is great! I’m going to use this for my website thanks!","",""
"48613182","Show HN: Make every bug perfectly reproducible","show","Can you make it clear on your homepage what you have to do to use this? I.e., do I add a library to a codebase? Do I add opentelemetry to every request? Does it read my logs?
I went and tried to skim your docs here (https://workers.io/docs/quickstart) and I still don't get it. Looks like there's something around reading logs?","",""
"48625498","Show HN: Pyor – A desktop PR reviewer for the diffs GitHub chokes on","show","Nicely done! I've been enjoying using it. Thanks for sharing.","",""
"48624103","Show HN: NanoEuler – GPT-2 scale model in pure C/CUDA from scratch","show","Could you please email us at hn@ycombinator.com? I want to put this in the second-chance pool (explained at https://news.ycombinator.com/item?id=26998308) but there are a couple things that need taking care of.","",""
"48613467","Show HN: GitGauge – A Way to Try Tell If a Repo Is Authentic","show","This is a neat idea. Definitely needs tuning.
- I tried it on a repo that has very obvious boosting tells, like 99% of stars from week old or less accounts and it had higher trust signal than my own very much so real project. The issue to star ratio gave 5/5 despite the issues being core contributor created.
- In same vein as above, it seems to prefer open issues over closed ones in the scoring.
Have you considered scoring contributors/authors/issue creators separately to use as a proxy, instead of measuring the core things that are being gamed?","",""
"48612298","Show HN: Persona.js – a vanilla-JS agent UI library with native WebMCP (MIT)","show","Nathan here from Runtype - I worked closely with @becomevocal on this library. Here to answer questions!
My personal favorite demo is this JSPaint + WebMCP one https://www.persona-chat.dev/webmcp-paint.html
But more practical examples include:
https://www.persona-chat.dev/webmcp-slides.html
https://www.persona-chat.dev/webmcp-calendar.html
WebMCP's finally at a point where it makes sense to build against it (shipped in latest chrome + good polyfills available), and I've found it a pretty elegant way to extend existing FE apps by just hooking into your existing FE functions instead of having to build an AI assistant as a parallel thing that is ignorant of the user's session, what they're looking at, etc. This makes hybrid AI/app experiences feel much better.","",""
"48613011","Show HN: Persona.js – a vanilla-JS agent UI library with native WebMCP (MIT)","show","Love seeing more vanilla projects and tooling around standards. Long live the web.
Edit: I’ve been thinking about offering an overlay UI for a web based game and this could be a good fit for that. I’ll give it a spin later and let y’all know.","",""
"48614524","Show HN: Persona.js – a vanilla-JS agent UI library with native WebMCP (MIT)","show","Practically speaking, what would this mean for a designer? I’ve been building web apps and websites with Claude Code.
Not clear what this would do for me relative to all the other things out there.","",""
"48612433","Show HN: Persona.js – a vanilla-JS agent UI library with native WebMCP (MIT)","show","Happy to see WebMCP adoption and a standards first framework.
The argument for react has always been dev velocity and ecosystem. But with AI the best web experiences will be as close to the “metal” as possible","",""
"48612372","Show HN: Persona.js – a vanilla-JS agent UI library with native WebMCP (MIT)","show","I haven’t seen much on WebMCP adoption yet, but I’ve been keen to use it for improving the AX of a web app at work. I’m curious how you all are seeing it be used.","",""
"48612429","Show HN: Persona.js – a vanilla-JS agent UI library with native WebMCP (MIT)","show","when will WASM integration become widely accepted? we need realtime canvas draw like oldschool desktop ui/ux.","",""
"48623042","Show HN: An n8n alternative where coding agents build the workflows, not humans","show","Makes sense. I wonder if the next abstraction after ""agents generate workflows"" is ""agents generate intent, and workflows become a compiled artifact.""
Feels like manually editing huge JSON graphs is similar to editing compiled code instead of the source.
Interested to see what representation you landed on.","",""
"48588003","Show HN: Display.dev – the agent-agnostic workspace for HTML and .md artifacts","show","Very cool. I just posted something similar about sharing markdown and it's interesting to see how you've taken it further.
I wonder how much the providers will build this in as a core feature - I'm sure gemini will have shared artifact workspaces at some point.
Have you thought about diffs and versioned documents? I'm curious waht's out there adn couldn't find a good solution but I think collaborative ai-enabled editing is in its infancy.","",""
"48600406","Show HN: Display.dev – the agent-agnostic workspace for HTML and .md artifacts","show","cool product 
but i would like to add some point.
so sharing only agent.md is not sufficient i feel try if you can copy a session of claude and import it into opencode/codex.
tool that track session, i dont mean every message i mean useful context.
behind the scene agent is using sqlite or some other their format is it not that much hard to reverse engineer.","",""
"48585163","Show HN: Display.dev – the agent-agnostic workspace for HTML and .md artifacts","show","I like the idea .. and believe there’s need for it beyond what Claude or ChatGPT can implicitly offer. Good luck!","",""
"48586760","Show HN: Display.dev – the agent-agnostic workspace for HTML and .md artifacts","show","good idea - i built something similar for screen-recordings. I think tools that act as primitives within the harness are very early but potentially large tailwinds. BOL","",""
"48616533","Show HN: Lean bulk, cut, body recomp. Calculate maintenance calories","show","I like this, I’ve been tracking with MyFitnessPal. Would be great if I could import historical calories to see how it performs.
Also note that tracking calories is hard - often it’s an estimate so quite hard to vary by the small amounts above and below the threshold needed for continued weight loss. 
Also losing weight is hard!","",""
"48616132","Show HN: Lean bulk, cut, body recomp. Calculate maintenance calories","show","Do i have to put in what I ate throughout the day? How accurate / easy is it for me to put in each ingredient that I ate and its weight? Instead, can i put in a weekly meal plan that I already have?","",""
"48615036","Show HN: Lean bulk, cut, body recomp. Calculate maintenance calories","show","It’s a great product. I’d mainly like to know: how does this compare to connecting Apple Health data to Claude or the ChatGPT app and having them perform calculations in a specific way?","",""
"48610957","Show HN: Tiny.Place – AI Social network for orchestration, payments & jobs","show","This is very true as I have seen and is going from ""build something people want"" to ""build something agents want"", so building something which is very centric to the agents is very important.
As far as social network is considered, moltbook is already there, for payments prava and agent card are there and for jobs a lot of other companies are there doing this. How tiny place is the different one because moltbook is almost the best one when it comes to social media and for payments agent card is doing well.","",""
"48610020","Show HN: Tiny.Place – AI Social network for orchestration, payments & jobs","show","Heya guys,
Here's an opensource agentic AI social network that allows agents to discover each other, do commerce, post jobs and earn reputation.
Until today, agents were trapped in a single app, unable to discover each other or transact.
Today, that changes completely! And i'm excited to share this with all of you. questions welcome.","",""
"48611086","Show HN: Tiny.Place – AI Social network for orchestration, payments & jobs","show","Hard to trust a project that is clearly github star boosting out the gate, consider that you're putting yourself at risk of account suspension for reports.","",""
"48612938","Show HN: Hi-shell – type commands in English, get ghost text in zsh","show","Can I use my local claude code for this? the one that I already logined with?","",""
